Ticker;Field Mnemonic;Data State;2024;2023;2022;2021;2020;2019;2018;2017;2016;2015;2014;2013;2012;2011;2010;2009;2008;2007;2006;2005;2004;2003;2002;2001;2000;1999;1998;1997;1996;1995;1994;1993;1992;1991;1990;1989;1988;1987;1986;1985
BIGISFTP Index;BEST_CUR_EV_TO_EBITDA;Average;151,4171572;85,49132588;26,61004659;63,79814752;102,8115585;12,09913557;8,350704638;;8,353086823;9,065019317;7,300413177;;;;;;;;;;;;;;;;;;;;;;;;;;;;;
AKAM US Equity;BEST_CUR_EV_TO_EBITDA;Dynamic;10,20389008;10,99689104;8,086471622;9,289045698;8,7309909;7,163361857;4,760788395;;;;;;;;;;;;;;;;;;;;;;;;;;;;;;;;;
BB US Equity;BEST_CUR_EV_TO_EBITDA;Dynamic;140,4435464;46,44029165;106,6327022;21,81544009;13,86301721;;;;;;;;;;;;;;;;;;;;;;;;;;;;;;;;;;;
BOX US Equity;BEST_CUR_EV_TO_EBITDA;Dynamic;15,76694084;11,95727152;12,52969333;10,68420621;9,847703565;;;;;;;;;;;;;;;;;;;;;;;;;;;;;;;;;;;
BRZE US Equity;BEST_CUR_EV_TO_EBITDA;Dynamic;1583,543033;;;;;;;;;;;;;;;;;;;;;;;;;;;;;;;;;;;;;;;
NET US Equity;BEST_CUR_EV_TO_EBITDA;Dynamic;84,60092889;94,99352253;59,3250878;206,1937309;;;;;;;;;;;;;;;;;;;;;;;;;;;;;;;;;;;;
CVLT US Equity;BEST_CUR_EV_TO_EBITDA;Dynamic;32,49812184;16,45666386;10,7697288;;;;;;;;;;;;;;;;;;;;;;;;;;;;;;;;;;;;;
CRWD US Equity;BEST_CUR_EV_TO_EBITDA;Dynamic;76,20263797;57,2664268;27,43803404;53,58325798;;;;;;;;;;;;;;;;;;;;;;;;;;;;;;;;;;;;
DBX US Equity;BEST_CUR_EV_TO_EBITDA;Dynamic;9,212997757;10,63882566;8,704566992;10,11583335;;;;;;;;;;;;;;;;;;;;;;;;;;;;;;;;;;;;
DT US Equity;BEST_CUR_EV_TO_EBITDA;Dynamic;29,32820885;32,66302789;25,67706311;25,89355092;25,99403577;;;;;;;;;;;;;;;;;;;;;;;;;;;;;;;;;;;
DDOG US Equity;BEST_CUR_EV_TO_EBITDA;Dynamic;55,32339274;63,4250641;36,01650157;107,1512159;63,39862322;;;;;;;;;;;;;;;;;;;;;;;;;;;;;;;;;;;
FIVN US Equity;BEST_CUR_EV_TO_EBITDA;Dynamic;14,66558366;30,88048706;23,31041934;47,38684632;55,78536369;;;;;;;;;;;;;;;;;;;;;;;;;;;;;;;;;;;
FSLY US Equity;BEST_CUR_EV_TO_EBITDA;Dynamic;41,92991881;97,3850883;53,94291457;99,76126984;94,18407729;;;;;;;;;;;;;;;;;;;;;;;;;;;;;;;;;;;
FTNT US Equity;BEST_CUR_EV_TO_EBITDA;Dynamic;32,68210464;25,92231768;20,46042199;33,81514452;14,13317456;;;;8,353086823;9,065019317;;;;;;;;;;;;;;;;;;;;;;;;;;;;;;
GEN US Equity;BEST_CUR_EV_TO_EBITDA;Dynamic;11,02816773;10,31113545;5,997587192;;;;;;;;;;;;;;;;;;;;;;;;;;;;;;;;;;;;;
HCP US Equity;BEST_CUR_EV_TO_EBITDA;Dynamic;;;;;;;;;;;;;;;;;;;;;;;;;;;;;;;;;;;;;;;;
INFA US Equity;BEST_CUR_EV_TO_EBITDA;Dynamic;15,38870586;16,55192123;11,93082424;19,65042689;;;;;;;;;;;;;;;;;;;;;;;;;;;;;;;;;;;;
KNBE US Equity;BEST_CUR_EV_TO_EBITDA;Dynamic;65,72915954;65,72915954;71,06731574;92,0450579;;;;;;;;;;;;;;;;;;;;;;;;;;;;;;;;;;;;
LSPD CN Equity;BEST_CUR_EV_TO_EBITDA;Dynamic;29,38687304;48,80942643;32,00419746;;;;;;;;;;;;;;;;;;;;;;;;;;;;;;;;;;;;;
MSFT US Equity;BEST_CUR_EV_TO_EBITDA;Dynamic;21,66765107;19,61052206;13,10946043;16,30935973;13,70591909;10,81199162;;;;;7,300413177;;;;;;;;;;;;;;;;;;;;;;;;;;;;;
MDB US Equity;BEST_CUR_EV_TO_EBITDA;Dynamic;84,12825257;93,41510366;89,53885819;549,7376363;111,7471959;;;;;;;;;;;;;;;;;;;;;;;;;;;;;;;;;;;
NICE US Equity;BEST_CUR_EV_TO_EBITDA;Dynamic;11,40979761;13,78312289;13,48316463;19,27075258;;;;;;;;;;;;;;;;;;;;;;;;;;;;;;;;;;;;
ORCL US Equity;BEST_CUR_EV_TO_EBITDA;Dynamic;20,86139295;12,77242284;9,105731086;10,88924632;9,18810908;;;;;;;;;;;;;;;;;;;;;;;;;;;;;;;;;;;
PANW US Equity;BEST_CUR_EV_TO_EBITDA;Dynamic;42,27714924;31,28260941;18,09876819;20,90353919;;;;;;;;;;;;;;;;;;;;;;;;;;;;;;;;;;;;
PAY US Equity;BEST_CUR_EV_TO_EBITDA;Dynamic;44,93788998;31,83558836;14,21904683;66,73674629;;;;;;;;;;;;;;;;;;;;;;;;;;;;;;;;;;;;
PCTY US Equity;BEST_CUR_EV_TO_EBITDA;Dynamic;19,84405235;15,89950182;20,32866034;27,23806155;25,66432009;;;;;;;;;;;;;;;;;;;;;;;;;;;;;;;;;;;
QLYS US Equity;BEST_CUR_EV_TO_EBITDA;Dynamic;16,16479219;25,60048964;14,55035279;20,09043082;17,95506916;8,550726774;;;;;;;;;;;;;;;;;;;;;;;;;;;;;;;;;;
SSNC US Equity;BEST_CUR_EV_TO_EBITDA;Dynamic;10,4066683;9,575197199;8,685961018;11,14594105;11,61697977;;;;;;;;;;;;;;;;;;;;;;;;;;;;;;;;;;;
S US Equity;BEST_CUR_EV_TO_EBITDA;Dynamic;2893,756995;1963,721709;;245,6806595;;;;;;;;;;;;;;;;;;;;;;;;;;;;;;;;;;;;
NOW US Equity;BEST_CUR_EV_TO_EBITDA;Dynamic;65,11878666;39,11158384;21,12859928;37,41043372;31,47267083;15,13599015;;;;;;;;;;;;;;;;;;;;;;;;;;;;;;;;;;
SNOW US Equity;BEST_CUR_EV_TO_EBITDA;Dynamic;153,2677461;157,8630349;102,2142712;208,4573299;1624,431185;;;;;;;;;;;;;;;;;;;;;;;;;;;;;;;;;;;
SOW GR Equity;BEST_CUR_EV_TO_EBITDA;Dynamic;;14,69159406;8,19477322;9,564570833;8,847787402;;;;;;;;;;;;;;;;;;;;;;;;;;;;;;;;;;;
SWI US Equity;BEST_CUR_EV_TO_EBITDA;Dynamic;8,331784856;8,745235923;8,147628297;9,622655924;7,173967338;;;;;;;;;;;;;;;;;;;;;;;;;;;;;;;;;;;
STER US Equity;BEST_CUR_EV_TO_EBITDA;Dynamic;11,79448517;8,509770202;7,714239013;9,282028237;;;;;;;;;;;;;;;;;;;;;;;;;;;;;;;;;;;;
TIXT CN Equity;BEST_CUR_EV_TO_EBITDA;Dynamic;5,358034466;5,981313228;7,668162757;11,87639816;;;;;;;;;;;;;;;;;;;;;;;;;;;;;;;;;;;;
TWLO US Equity;BEST_CUR_EV_TO_EBITDA;Dynamic;8,886337118;15,4298425;8,966042822;73,48469046;86,00915183;18,83360747;11,94062088;;;;;;;;;;;;;;;;;;;;;;;;;;;;;;;;;
TENB US Equity;BEST_CUR_EV_TO_EBITDA;Dynamic;25,6656526;37,30384636;26,59613289;41,28385956;40,45208959;;;;;;;;;;;;;;;;;;;;;;;;;;;;;;;;;;;
TDC US Equity;BEST_CUR_EV_TO_EBITDA;Dynamic;7,074757575;8,898364318;7,683067403;9,007895257;5,743115909;;;;;;;;;;;;;;;;;;;;;;;;;;;;;;;;;;;
VRRM US Equity;BEST_CUR_EV_TO_EBITDA;Dynamic;13,45873963;12,00150638;8,135334124;10,79192404;;;;;;;;;;;;;;;;;;;;;;;;;;;;;;;;;;;;
VRNS US Equity;BEST_CUR_EV_TO_EBITDA;Dynamic;143,7737487;98,07861804;42,27711537;28,72003395;;;;;;;;;;;;;;;;;;;;;;;;;;;;;;;;;;;;
ZS US Equity;BEST_CUR_EV_TO_EBITDA;Dynamic;39,8900046;55,01129602;30,3697446;89,47317606;52,26739237;;;;;;;;;;;;;;;;;;;;;;;;;;;;;;;;;;;
ZI US Equity;BEST_CUR_EV_TO_EBITDA;Dynamic;9,260198723;14,61191608;17,0731258;32,37091489;32,45390559;;;;;;;;;;;;;;;;;;;;;;;;;;;;;;;;;;;
BIGISFTP Index;EV_TO_T12M_EBITDA;Average;192,2584632;83,51728828;913,7356065;565,2845587;937,595531;189,4360858;62,94154547;101,5158549;64,93526775;24,11668892;34,79981873;42,42803334;63,24543328;13,71565443;15,54696123;15,65279961;8,655448864;25,0580529;34,08226504;18,22094264;34,14350287;20,89440802;57,4656346;64,0560205;96,30879356;52,16649533;26,71702174;19,84754421;19,07140807;18,42524703;20,68620036;15,27329399;16,23059278;27,64082555;12,34619544;18,70862291;14,00737803;22,19672855;15,51668917;
AKAM US Equity;EV_TO_T12M_EBITDA;Dynamic;12,66454494;14,05270916;10,14996351;12,85235495;13,2408155;12,45923099;11,80312874;15,12523127;13,32592191;11,04687907;13,81832149;12,0274484;11,88656678;9,949433894;18,43041552;10,02984623;6,313038624;24,44143613;64,84303995;29,57968373;25,95637346;38,38805195;;;;;;;;;;;;;;;;;;
BB US Equity;EV_TO_T12M_EBITDA;Dynamic;;10,88247612;9,040250501;60,46417687;37,2413047;15,75926919;5,144604545;6,78309;6,492211883;13,63284998;4,196764321;1,82393747;1,472773744;0,984957209;7,37359567;12,1064284;11,16526847;66,97520983;32,72663238;25,78137679;112,9879822;;235,505482;247,8049448;391,3459845;;;;;;;;;;;;;;;
BOX US Equity;EV_TO_T12M_EBITDA;Dynamic;36,29389504;29,77607551;53,76027483;48,53948157;;;;;;;;;;;;;;;;;;;;;;;;;;;;;;;;;;;;
BRZE US Equity;EV_TO_T12M_EBITDA;Dynamic;;;;;;;;;;;;;;;;;;;;;;;;;;;;;;;;;;;;;;;;
NET US Equity;EV_TO_T12M_EBITDA;Dynamic;;;;;;;;;;;;;;;;;;;;;;;;;;;;;;;;;;;;;;;;
CVLT US Equity;EV_TO_T12M_EBITDA;Dynamic;77,35232524;37,22622787;42,70155533;1037,217004;274,7110186;93,2476586;209,6833507;219,6382214;147,2825465;29,17166447;17,65834184;36,15989044;53,32586258;41,35670515;29,81793954;36,89937513;17,26596968;44,31448861;84,18461105;;;;;;;;;;;;;;;;;;;;;
CRWD US Equity;EV_TO_T12M_EBITDA;Dynamic;395,8437049;;;;;;;;;;;;;;;;;;;;;;;;;;;;;;;;;;;;;;;
DBX US Equity;EV_TO_T12M_EBITDA;Dynamic;12,38892057;14,20595692;22,1200979;19,94184919;15293,94419;38,53059153;129,5245934;;;;;;;;;;;;;;;;;;;;;;;;;;;;;;;;;
DT US Equity;EV_TO_T12M_EBITDA;Dynamic;72,49516665;97,42567343;73,1179125;106,0570526;1062,050879;1089,527028;;;;;;;;;;;;;;;;;;;;;;;;;;;;;;;;;;
DDOG US Equity;EV_TO_T12M_EBITDA;Dynamic;816,7349025;836,4013092;19453,61526;2286,344216;1551,568847;1783,656254;;;;;;;;;;;;;;;;;;;;;;;;;;;;;;;;;;
FIVN US Equity;EV_TO_T12M_EBITDA;Dynamic;;;3620,455255;6840,717367;469,5811338;141,992365;143,818198;525,2086097;400,0535798;;;;;;;;;;;;;;;;;;;;;;;;;;;;;;;
FSLY US Equity;EV_TO_T12M_EBITDA;Dynamic;;;;;;;;;;;;;;;;;;;;;;;;;;;;;;;;;;;;;;;;
FTNT US Equity;EV_TO_T12M_EBITDA;Dynamic;53,39877365;31,18193135;33,36609233;75,24238083;36,06361347;37,9529368;36,09896595;38,39801076;45,11529007;96,37411317;53,28035174;30,04826125;26,31422552;30,96224301;33,92385948;28,91145482;;;;;;;;;;;;;;;;;;;;;;;;
GEN US Equity;EV_TO_T12M_EBITDA;Dynamic;15,09659354;15,07005246;13,69219832;16,80026503;19,14406625;23,69244551;30,73209271;54,42779753;14,60904848;24,40481058;30,75681626;8,461251509;6,810038426;7,384098238;7,09573866;8,166700307;7,007220143;9,349976803;13,6933478;16,00944653;22,23459362;21,08078283;16,77651295;15,85240313;10,94573588;32,66471414;12,63898971;18,87104716;8,762904482;12,32910106;22,42370551;6,694058317;6,690061938;35,65026666;;;;;;
HCP US Equity;EV_TO_T12M_EBITDA;Dynamic;;;;;;;;;;;;;;;;;;;;;;;;;;;;;;;;;;;;;;;;
INFA US Equity;EV_TO_T12M_EBITDA;Dynamic;170,3965138;179,3395289;124,0699667;138,1753481;;;;;;;;;;;;;;;;;;;;;;;;;;;;;;;;;;;;
KNBE US Equity;EV_TO_T12M_EBITDA;Dynamic;;389,162947;387,3346991;345,7656637;;;;;;;;;;;;;;;;;;;;;;;;;;;;;;;;;;;;
LSPD CN Equity;EV_TO_T12M_EBITDA;Dynamic;;;;;;;;;;;;;;;;;;;;;;;;;;;;;;;;;;;;;;;;
MSFT US Equity;EV_TO_T12M_EBITDA;Dynamic;24,68902962;26,24960266;17,56036399;29,58387157;24,00053856;20,51002069;15,75059379;15,8728045;12,68956337;15,83611485;9,699933288;8,220305742;7,024063634;5,932076745;7,767198055;10,6841706;6,135895295;15,51004858;14,92814587;15,60801898;22,49480241;22,57170382;18,29763351;30,0013139;16,92984302;53,87626681;44,65010756;27,26948231;25,81204328;20,43671435;16,25044575;13,89768111;19,90090493;25,92739039;18,45768601;16,92539226;13,24239278;20,33969206;15,51668917;
MDB US Equity;EV_TO_T12M_EBITDA;Dynamic;;;;;;;;;;;;;;;;;;;;;;;;;;;;;;;;;;;;;;;;
NICE US Equity;EV_TO_T12M_EBITDA;Dynamic;;;;;;;;;;;;;;;;;;;;;;;;;;;;;;;;;;;;;;;;
ORCL US Equity;EV_TO_T12M_EBITDA;Dynamic;27,51969452;18,71409293;18,81277667;14,60088881;12,70748894;11,4780141;9,713919425;12,39610729;9,658338775;8,456584655;10,3767919;9,017705093;8,659894831;7,853241408;13,65417308;11,70634475;9,449016115;16,00718748;15,11307292;12,69341393;15,43927714;16,71621313;13,0562859;17,27034265;44,71722483;69,95850503;22,86196796;13,40210316;22,63927646;22,50992567;23,38444981;25,22814254;22,10081148;21,34481961;6,234704872;20,49185356;14,77236328;24,05376504;;
PANW US Equity;EV_TO_T12M_EBITDA;Dynamic;115,9951874;134,14259;441,9763923;3509,57086;308,1667849;207,6645621;;;;;;313,881933;333,2481657;;;;;;;;;;;;;;;;;;;;;;;;;;;
PAY US Equity;EV_TO_T12M_EBITDA;Dynamic;80,71104839;40,15546953;36,04018716;152,3220244;;;;;;;;;;;;;;;;;;;;;;;;;;;;;;;;;;;;
PCTY US Equity;EV_TO_T12M_EBITDA;Dynamic;30,99977566;40,19605126;75,49534276;116,7045309;97,19282763;69,4325231;65,90996569;83,7914664;140,8826335;;188,2414825;;;;;;;;;;;;;;;;;;;;;;;;;;;;;
QLYS US Equity;EV_TO_T12M_EBITDA;Dynamic;22,23098144;35,60344562;21,79744706;35,40873024;30,48149403;25,43225867;32,53501566;33,90020435;18,80650131;24,32061902;53,4728523;54,4373517;33,65006629;;;;;;;;;;;;;;;;;;;;;;;;;;;
SSNC US Equity;EV_TO_T12M_EBITDA;Dynamic;12,7121636;11,55732718;10,65517123;13,38919453;14,11323915;12,96283283;20,47033632;16,26584044;15,81839544;28,96663282;18,52734648;15,73544645;13,80353272;10,72565611;14,13694237;;;;;;;;;;;;;;;;;;;;;;;;;
S US Equity;EV_TO_T12M_EBITDA;Dynamic;;;;;;;;;;;;;;;;;;;;;;;;;;;;;;;;;;;;;;;;
NOW US Equity;EV_TO_T12M_EBITDA;Dynamic;130,5459608;97,8922574;84,86948889;154,502883;172,1521357;146,9862961;290,0609267;442,8644678;;;;;302,5169918;;;;;;;;;;;;;;;;;;;;;;;;;;;
SNOW US Equity;EV_TO_T12M_EBITDA;Dynamic;;;;;;;;;;;;;;;;;;;;;;;;;;;;;;;;;;;;;;;;
SOW GR Equity;EV_TO_T12M_EBITDA;Dynamic;23,81396131;23,75472861;11,59332859;14,62649658;13,19069336;8,174872499;8,510572134;13,7106702;10,74838623;8,309827395;8,168465548;9,015918662;9,29913141;8,318932354;10,61438151;10,6007618;6,390439583;11,77532835;13,08700531;9,653715908;5,747988377;5,715288392;3,692258644;9,351098012;17,60517956;;;;;;;;;;;;;;;
SWI US Equity;EV_TO_T12M_EBITDA;Dynamic;14,24367886;12,45024242;12,6944036;16,30756135;21,92512109;18,29424504;15,60144317;;;;;;;;;;;;;;;;;;;;;;;;;;;;;;;;;
STER US Equity;EV_TO_T12M_EBITDA;Dynamic;18,38991572;15,50808281;14,05458801;29,38918587;;;;;;;;;;;;;;;;;;;;;;;;;;;;;;;;;;;;
TIXT CN Equity;EV_TO_T12M_EBITDA;Dynamic;6,684290714;7,860595916;11,26431888;22,34293794;;;;;;;;;;;;;;;;;;;;;;;;;;;;;;;;;;;;
TWLO US Equity;EV_TO_T12M_EBITDA;Dynamic;;;;;;;;;;;;;;;;;;;;;;;;;;;;;;;;;;;;;;;;
TENB US Equity;EV_TO_T12M_EBITDA;Dynamic;;;;;;;;;;;;;;;;;;;;;;;;;;;;;;;;;;;;;;;;
TDC US Equity;EV_TO_T12M_EBITDA;Dynamic;10,7408125;14,50420395;13,49261776;11,70406888;12,47558738;17,21418919;25,1222659;21,08087379;8,676063428;4,763482143;9,400357143;10,30695034;14,17931923;13,68920019;12,65536842;11,77011447;5,516743003;12,09074742;;;;;;;;;;;;;;;;;;;;;;
VRRM US Equity;EV_TO_T12M_EBITDA;Dynamic;18,92277334;15,31333943;10,31144929;15,37899276;18,35226111;13,75412234;19,5263002;23,27442834;;;;;;;;;;;;;;;;;;;;;;;;;;;;;;;;
VRNS US Equity;EV_TO_T12M_EBITDA;Dynamic;;;;;;;;;;;;;;;;;;;;;;;;;;;;;;;;;;;;;;;;
ZS US Equity;EV_TO_T12M_EBITDA;Dynamic;2785,516431;;;;;;;;;;;;;;;;;;;;;;;;;;;;;;;;;;;;;;;
ZI US Equity;EV_TO_T12M_EBITDA;Dynamic;12,33899649;22,82257773;46,81997297;138,7336992;207,2021105;;;;;;;;;;;;;;;;;;;;;;;;;;;;;;;;;;;
BIGISFTP Index;EV_TO_T12M_SALES;Average;12,28065112;8,174245849;7,123794366;17,17615404;21,40080338;10,19015843;7,782796949;5,8466795;4,847285402;5,14741649;5,694132576;5,242354557;5,092829244;3,17882633;3,916083429;2,970846762;2,228900297;4,530563826;6,408897112;5,335449898;5,150017162;6,30303412;3,195142199;4,285746448;8,518414582;1099,645832;8,163004803;7,439948595;5,509273187;4,038965076;5,180883454;3,983559941;3,620221343;4,157200559;3,62474449;4,921549885;3,288388326;4,637635597;6,604403109;3,46275707
AKAM US Equity;EV_TO_T12M_SALES;Dynamic;;5,283059629;4,131244788;5,627788638;5,429056152;4,939385488;3,466480399;4,191683441;4,51972923;3,83194009;5,195024205;4,54934733;4,496428844;3,884114516;7,362631991;4,044909925;2,508517349;8,355207642;19,31692468;10,36189638;8,589803304;9,600493406;2,692604775;4,849620969;24,43678851;7536,231615;;;;;;;;;;;;;;
BB US Equity;EV_TO_T12M_SALES;Dynamic;;1,950823797;2,920531666;5,348358657;6,527816279;2,604125598;4,985827187;5,413896116;2,215942903;1,373510301;1,361279575;0,640539952;0,387883447;0,29514772;1,627532933;2,506900314;1,916751952;9,524838067;8,010519213;6,137311019;8,43972615;13,41617416;2,002946258;4,257508435;10,63185509;112,1490313;10,83608446;9,681409564;;;;;;;;;;;;
BOX US Equity;EV_TO_T12M_SALES;Dynamic;;4,106419559;5,267433589;4,957963943;3,665022432;3,580018973;4,790350403;5,792204717;5,337574215;3,9458876;9,065503373;;;;;;;;;;;;;;;;;;;;;;;;;;;;;
BRZE US Equity;EV_TO_T12M_SALES;Dynamic;;10,66352557;7,442572102;17,38989166;;;;;;;;;;;;;;;;;;;;;;;;;;;;;;;;;;;;
NET US Equity;EV_TO_T12M_SALES;Dynamic;;21,48793581;15,22735617;64,02973069;53,00842483;15,65911108;;;;;;;;;;;;;;;;;;;;;;;;;;;;;;;;;;
CVLT US Equity;EV_TO_T12M_SALES;Dynamic;;4,904884545;2,841616131;3,510755518;3,626595086;2,306364399;3,506047032;3,028810125;2,831712622;2,550864489;2,607588928;4,393434355;6,793671473;4,705431993;4,876496938;2,747423854;1,496979818;2,210954953;4,118807203;;;;;;;;;;;;;;;;;;;;;
CRWD US Equity;EV_TO_T12M_SALES;Dynamic;;22,28625094;10,29379606;27,87604099;53,91042384;25,12900424;;;;;;;;;;;;;;;;;;;;;;;;;;;;;;;;;;
DBX US Equity;EV_TO_T12M_SALES;Dynamic;;4,237494404;3,772537313;4,571745679;4,70395632;4,403882502;5,34779622;;;;;;;;;;;;;;;;;;;;;;;;;;;;;;;;;
DT US Equity;EV_TO_T12M_SALES;Dynamic;;9,104033248;10,18895831;14,36223155;19,57735819;12,81112686;;;;;;;;;;;;;;;;;;;;;;;;;;;;;;;;;;
DDOG US Equity;EV_TO_T12M_SALES;Dynamic;;18,091825;13,38048383;53,52612111;36,40961846;28,84097115;;;;;;;;;;;;;;;;;;;;;;;;;;;;;;;;;;
FIVN US Equity;EV_TO_T12M_SALES;Dynamic;;6,40634004;6,416604078;16,0114358;26,77940714;12,0102392;9,721036699;6,926203821;4,595582516;3,362110842;1,846419662;;;;;;;;;;;;;;;;;;;;;;;;;;;;;
FSLY US Equity;EV_TO_T12M_SALES;Dynamic;;4,885038465;2,647751437;11,81610126;33,7043037;8,986803185;;;;;;;;;;;;;;;;;;;;;;;;;;;;;;;;;;
FTNT US Equity;EV_TO_T12M_SALES;Dynamic;;8,364536835;8,394674469;16,97773921;8,615450586;7,541004161;5,723636465;4,069646806;3,236196647;4,410281343;5,689677062;4,223642485;5,540863692;6,896374615;6,445152851;3,623705095;;;;;;;;;;;;;;;;;;;;;;;;
GEN US Equity;EV_TO_T12M_SALES;Dynamic;;5,696012592;6,007010186;6,300815451;5,94496276;5,153337349;6,878135179;7,422586948;5,621553352;2,082171406;3,625935288;2,81258666;2,254653924;1,849153046;2,212387722;2,040010025;2,173713049;2,35319594;2,821932732;3,660067054;4,627934215;6,752740724;3,357439674;4,798239056;2,874714093;5,498966274;1,237011245;2,489538615;1,365558904;1,294097669;2,461845086;1,562593136;1,080631827;4,33939606;3,708689331;;;;;
HCP US Equity;EV_TO_T12M_SALES;Dynamic;;5,300895741;10,17571165;33,53448406;;;;;;;;;;;;;;;;;;;;;;;;;;;;;;;;;;;;
INFA US Equity;EV_TO_T12M_SALES;Dynamic;;6,593899584;4,343664224;9,247768605;;;;;;;;;;;;;;;;;;;;;;;;;;;;;;;;;;;;
KNBE US Equity;EV_TO_T12M_SALES;Dynamic;;;;15,17476774;;;;;;;;;;;;;;;;;;;;;;;;;;;;;;;;;;;;
LSPD CN Equity;EV_TO_T12M_SALES;Dynamic;;1,607788631;2,083858094;6,652712524;33,04590895;8,895574257;13,99125011;;;;;;;;;;;;;;;;;;;;;;;;;;;;;;;;;
MSFT US Equity;EV_TO_T12M_SALES;Dynamic;;13,64600199;11,79280504;9,535593484;11,83214209;10,39301619;7,759607447;6,440458228;5,113941452;3,773979858;3,132699829;3,230365184;2,90650824;2,784460616;2,529559784;2,698317649;3,183636395;3,774942238;4,949289934;4,522912244;5,737694782;6,776889372;7,056278622;8,971806804;;16,76781669;23,30503684;16,69107915;12,69321183;7,484675931;8,171719724;5,674365455;6,002131628;6,420775151;6,077160862;6,927553491;3,274715725;5,809576612;7,410179345;3,46275707
MDB US Equity;EV_TO_T12M_SALES;Dynamic;;16,84280429;11,15882121;30,53883541;38,17033347;22,16310733;17,85679649;6,577985218;;;;;;;;;;;;;;;;;;;;;;;;;;;;;;;;
NICE US Equity;EV_TO_T12M_SALES;Dynamic;;5,11621174;5,281621458;9,857712615;10,32188131;5,898155557;4,401173251;4,160930976;4,21261096;2,810704892;2,857035049;2,4621828;1,752924974;1,941150828;2,281608263;2,357394058;1,7107597;3,567178664;3,422112392;;1,933505285;1,684825517;0,359160264;1,338328333;1,177478944;3,895691949;1,669577766;5,344497778;2,790455937;2,430753542;;;;;;;;;;
ORCL US Equity;EV_TO_T12M_SALES;Dynamic;;7,688703952;7,468014974;5,884585297;6,490855999;5,021260111;4,78113198;4,585705507;4,770871236;4,164904041;4,627794433;4,531006662;3,865462076;3,125814229;4,518835551;4,10286428;4,114181576;5,252741864;5,531599244;5,054801113;5,416221714;4,975817251;6,53196095;3,873722733;7,296702475;19,18393437;3,767313702;2,99321787;5,187866078;4,946333163;4,909085553;4,713721233;3,777900574;1,711430467;1,088383278;2,915546278;3,302060926;3,465694582;5,798626872;
PANW US Equity;EV_TO_T12M_SALES;Dynamic;12,48558368;10,72083044;8,902455694;9,079524682;6,989055275;6,890802869;7,268796622;5,914095141;7,549760609;16,07174818;9,900714234;7,744766641;13,93136765;;;;;;;;;;;;;;;;;;;;;;;;;;;
PAY US Equity;EV_TO_T12M_SALES;Dynamic;;3,326069185;1,711561538;8,748191716;;;;;;;;;;;;;;;;;;;;;;;;;;;;;;;;;;;;
PCTY US Equity;EV_TO_T12M_SALES;Dynamic;;4,971182412;8,591148086;11,2069332;16,16827668;13,78087874;10,23872473;7,862067826;7,446601247;9,199814478;11,371757;9,138363558;;;;;;;;;;;;;;;;;;;;;;;;;;;;
QLYS US Equity;EV_TO_T12M_SALES;Dynamic;;12,24806662;7,871358421;12,18512603;12,35700136;9,379742035;9,149420168;8,674789211;4,499238003;5,842407902;8,54150921;6,03732943;3,809464167;;;;;;;;;;;;;;;;;;;;;;;;;;;
SSNC US Equity;EV_TO_T12M_SALES;Dynamic;;3,936855056;3,796471702;5,297085726;5,432957004;4,973567312;5,671534886;6,173070091;5,581019797;9,037138261;7,077072133;6,102207458;4,986900925;3,943321001;5,165366656;;;;;;;;;;;;;;;;;;;;;;;;;
S US Equity;EV_TO_T12M_SALES;Dynamic;;11,69228589;8,836809984;51,08477957;;;;;;;;;;;;;;;;;;;;;;;;;;;;;;;;;;;;
NOW US Equity;EV_TO_T12M_SALES;Dynamic;;15,83351452;10,5900613;21,79062905;23,64020869;15,29529494;11,97631683;11,52881787;8,669644703;13,51682752;14,53175442;17,99478259;14,27968681;;;;;;;;;;;;;;;;;;;;;;;;;;;
SNOW US Equity;EV_TO_T12M_SALES;Dynamic;;22,0161736;22,67257238;66,31721761;124,0219441;;;;;;;;;;;;;;;;;;;;;;;;;;;;;;;;;;;
SOW GR Equity;EV_TO_T12M_SALES;Dynamic;;2,966298757;2,074641722;2,752069944;2,691116085;2,344428629;2,522008723;3,87628152;2,921495051;2,322138979;1,937524799;2,239266593;2,616429962;2,310231563;2,9395785;2,87117823;1,687222881;2,97972247;3,099991499;2,27571158;1,305234685;0,91429841;0,365604847;1,910998805;4,69294838;3,793769123;;;;;;;;;;;;;;
SWI US Equity;EV_TO_T12M_SALES;Dynamic;;4,033380934;3,674260926;4,878972876;8,852061845;8,113344147;6,912473457;;;;;;;;;;;;;;;;;;;;;;;;;;;;;;;;;
STER US Equity;EV_TO_T12M_SALES;Dynamic;;2,430836376;2,497675545;3,772239933;;;;;;;;;;;;;;;;;;;;;;;;;;;;;;;;;;;;
TIXT CN Equity;EV_TO_T12M_SALES;Dynamic;;1,471181751;2,477260413;4,477329052;;;;;;;;;;;;;;;;;;;;;;;;;;;;;;;;;;;;
TWLO US Equity;EV_TO_T12M_SALES;Dynamic;;2,640744075;1,617642041;14,17254625;25,56839604;10,92206469;13,26527475;4,828866186;7,973950673;;;;;;;;;;;;;;;;;;;;;;;;;;;;;;;
TENB US Equity;EV_TO_T12M_SALES;Dynamic;;6,67973968;6,097933667;10,91885874;11,78190931;6,192431512;7,73972898;;;;;;;;;;;;;;;;;;;;;;;;;;;;;;;;;
TDC US Equity;EV_TO_T12M_SALES;Dynamic;;2,407871795;1,93371922;2,364519562;1,393647059;1,654446024;1,983571165;2,03027551;1,353316968;1,34035336;2,230699854;2,535496657;3,677363227;3,2318895;3,117766529;2,71576419;1,268339955;2,756292597;;;;;;;;;;;;;;;;;;;;;;
VRRM US Equity;EV_TO_T12M_SALES;Dynamic;;5,840919174;4,323750145;6,52302797;7,445764991;6,673308642;6,287846742;7,387028356;;;;;;;;;;;;;;;;;;;;;;;;;;;;;;;;
VRNS US Equity;EV_TO_T12M_SALES;Dynamic;;9,027649425;4,563145519;12,14755879;17,72864735;9,131598795;5,460745398;5,894865895;3,647680445;3,016713271;6,894397317;;;;;;;;;;;;;;;;;;;;;;;;;;;;;
ZS US Equity;EV_TO_T12M_SALES;Dynamic;12,07571856;14,04697061;19,70203409;47,7994435;38,91063918;34,20651544;20,66700937;;;;;;;;;;;;;;;;;;;;;;;;;;;;;;;;;
ZI US Equity;EV_TO_T12M_SALES;Dynamic;;6,414777314;11,78020546;35,9730815;41,48136914;;;;;;;;;;;;;;;;;;;;;;;;;;;;;;;;;;;
